cleaned_comment_text,aspect_label,source,confidence
why its very heat soonly,Hardware,seed,1.0
who is telling you not to,Hardware,seed,1.0
lmao shit like this has existed for ever y’all remember action replay for the ds ?,Competition,seed,1.0
"bonjour à tous, je viens de regarder la vidéo et j'ai eut envie de télécharger et de tester la démo switch 2 d'adventure of elliot mais je ne trouve pas cette démo sur le nintendo e-shop. est ce qu'une personne un peu moins bête que moi pourrait me dire en quelques mots comment faire? merci par avance et bon jeux à tous.",Other,seed,1.0
2027 bigg billion day's 50 k😂,Other,seed,1.0
fun fact last year this actually happened to my brother. we had to wait like three minutes cause they thought his nintendo switch was a weapon.,Battery,seed,1.0
east hoya west mobile is best,Spam,seed,1.0
brother rog ally extreme now 40k ka is. is it worth?,Competition,seed,1.0
the problem is (many) game devs don't optimise their games well and/or design them to be played on monster pc's only,Software,seed,1.0
17 il portrait ethre zoomind?,Other,seed,1.0
"3 months, long term. okay",Other,seed,1.0
can you buy,Other,seed,1.0
the only real issue i’ve got with my 13 mini is the difference in refresh rate compared to my 14-inch macbook. i’ve been getting dizzy well frequently ever since i switched over.,Display,seed,1.0
i hope steve gets a lot of treats,Other,seed,1.0
the left trackpad can also be used for controller mapping in games. one example is save/load in half life 1,Software,seed,1.0
naa 15 to 17 ku upgrade pannalam nu iruka,Other,seed,1.0
"not just for games and emulation, the community is the main reason why is relevant with mods that are on another level.",Support,seed,1.0
this announcement could have been a grilled cheese @chef_tyler,Other,seed,1.0
lies the steamdeck is totally worth it,Hardware,seed,1.0
"that is the biggest problem, they re always out of stock.",Other,seed,1.0
"after having an iphone 17 since it’s come out, my review differs slightly. battery is worse. terrible even. doesn’t last close to a day. camera doesn’t quickly open. it is buggy and has slow processing speed. it’s like it’s made with cheaper parts.",Battery,seed,1.0
just got my gold edition. thank you that it works so seamlessly on steam deck! been following for a while and i'm so happy to finally play!,Other,seed,1.0
oh damn its xboxed,Competition,seed,1.0
urs advice super brooo😊,Other,seed,1.0
dairy milk se jyada tofi bikti he to what tofi jyada tasty 😋😋 are jayegi 🤣🤣🤣🤣,Other,seed,1.0
bro indiail esim simple ayittu install cheyum,Spam,seed,1.0
"oneplus 13 is way better lag free , super fast , great cameras , videos are average but not best for content creation other than the video benchmark , in each benchmark it is better and faster than iphone 17 base model. its my short opinion for a person who has used both iphone 17 ( as a primary ios user ) and oneplus 13",Competition,seed,1.0
11 to 17.,Spam,seed,1.0
the switching thing is overrated,Competition,seed,1.0
"i don't understand the point to this video. ""i bought it, mentioned vague specs, made the video. but i haven't used it yet.""",Other,seed,1.0
the 17 has been the most annoying phone i’ve ever owned. i went from the 13 pro max which i loved but the 17 pro and ios 26 is incredibly annoying and it’s ruined my view of apple products. i hate trying to view notifications on my lock screen because it locks me out even if i’m actively scrolling. it gets lost when i’m viewing videos in landscape and forgets which is up or down and i have to stop the app i’m using and restart so i can watch normally. editing text is a chore it refuses to drag the cursor so i can edit messages and it’s so frequent i now just delete half of my messages if i need to edit a word or make grammatical corrections. i’ll be changing brands for sure. there isn’t any reason to stick with apple anymore when even the non flag ship phones in other brands are cheaper and better quality. the only brand apple is competing against now is apple.,Software,seed,1.0
and games bhi bilkul phone jaise chalata is batana bhool gaye beta you,Performance,seed,1.0
how do i know this message sound?,Other,seed,1.0
nice review bro,Other,seed,1.0
"the witcher 3 on steamdeck is a game, on nintendo is only a shit porting.",Competition,seed,1.0
my favorite is the switch oled!,Display,seed,1.0
for a tech youtuber pretty stupid to keep on comparing it to a ps5 they are different consoles for different style of games,Other,seed,1.0
iphone ill e-sim aaakkann eluppannn. (sim ida settings ill pova e-sim ill jekka. athrakkamm ollu),Other,seed,1.0
how about lazy and greedy developers optimize their games instead of putting everything on scalers. re9 showed us that sd is plenty powerful still.,Other,seed,1.0
"the steam machine is done, 1000? you say? naaaaa. try 2k. don’t buy!",Price,seed,1.0
watching in iphone 17,Other,seed,1.0
can this connect to a tv?,Other,seed,1.0
what are universal face buttons?,Other,seed,1.0
"wow, he looks like. a human ai can't say the same, can it?",Other,seed,1.0
"had a 15 pro and upgraded too 17 blue, my power button was broken and battery life at 78 and have fixed my phone twice and just decided too do it😂",Battery,seed,1.0
aado maklu athranu iphone en bidu guru en helidru idru bagge waste shoki madoroge,Other,seed,1.0
bro compared 60 fps to 540p30fps 😅,Gaming,seed,1.0
switch lite best,Other,seed,1.0
comic accurate wolverine,Other,seed,1.0
it is fine i put my switch in a bag,Other,seed,1.0
my psp vita still good ❤,Other,seed,1.0
hlo bro njn iphone 17 edukkann vijarichu pakshe njn saudiyill ahnu ivde nattilelum 10k kooduthal ahnu appo ividennu edullanathano nattiln ninnu edukkanathano nallathu.warranty service enthenkium issue indavo?,Other,seed,1.0
just upgraded from an iphone 12 pro max. 🤯,Other,seed,1.0
"i miss 3d touch a lot, i thought it felt sooo good to use. it just never got adopted at the native ui layer enough.",Software,seed,1.0
what about the rocket in mario cart 8?,Gaming,seed,1.0
6:42 call of what?,Spam,seed,1.0
god i wish i can experience this all over again,Other,seed,1.0
intel b580 ka review when?,Hardware,seed,1.0
im waiting till switch 2 getting modded,Purchase Intent,seed,1.0
switch deck drift,Spam,seed,1.0
i literally just ordered the iphone 17 sage green tonight. coming from a 15 plus that has seen better days. i can’t wait for it to arrive.,Purchase Intent,seed,1.0
we need a switch 2 upgrade for the switcher 3.,Hardware,seed,1.0
w kiss my ass switch my bad😅😢😂❤🎉,Other,seed,1.0
need to get one.,Purchase Intent,seed,1.0
iphone 17 case link,Spam,seed,1.0
know 2dow fi ewofcdo wdd29,Spam,seed,1.0
team both 👇,Spam,seed,1.0
"i believe it's all about distracting the masses to rent compute. no more hardware , rent pc's and consoles from the datacenters. we must resist , no keycards, no subscriptions, no cloud usage. just a nice machine we own and rhe software that goes along with it without the need for a log in or an internet connection.",Other,seed,1.0
15 pro ano better 17 ano 👀,Competition,seed,1.0
"steam deck oled or asus rog ally which is better for assassin's creed games (mirage, valhalla, shadows)? or laptop in their price range is better",Competition,seed,1.0
oppo f31 pro+5g review,Competition,seed,1.0
"hopefully our gamer president, donald j. trump can look into this issue. this is not what we voted for! 😢🇮🇱🥇",Price,seed,1.0
"my thoughts also, they should just discontinue the production of the steam deck and focus on steam machine",Hardware,seed,1.0
annaaaa. iphone 17 or oneplus 15 eethanu better,Competition,seed,1.0
mario is better,Gaming,seed,1.0
imagine going for the 17 when there is is a 17 pro max,Competition,seed,1.0
really i phone 17is the best i have ever seen i i phone model,Hardware,seed,1.0
switch 2,Spam,seed,1.0
i wouldn't be surprised if this will actually boost sales short-term because people anticipate another price hike in a few months. which may happen. and people are very naive if they believe that competitors and second hand will stay cheap. you can already see prices for second hand steam decks going up.,Price,seed,1.0
"i don't understand why you guys hype iphones. from last 2years they are producing dumb products lol. vivo, samsung is the best imo",Competition,seed,1.0
ich habe mir vor einem jahr eins gekauft und nie damit gespielt 😂. jetzt wo ich hörte das viele eins haben möchten aber keins bekommen macht es mir spass damit zu spielen 😂😂😂🎉🎉🎉🎉,Other,seed,1.0
ich hoffe das 007 first light bald für die ns2 erscheint,Other,seed,1.0
"the switch 2 is so cool in my opinion, that i am selling basically all my good pokemon cards, a funko pop, 4 switch games and 1 wii game, and some delta plane trading cards just to have enough money to buy it. when i get it my siblings will never get to use, unless it's their birthday",Gaming,seed,1.0
"i mean, i like a lot about it but the other devices 2nd hand are just superior in terms of raw specs and cost.",Competition,seed,1.0
"congratulations, you made a wii u😂😂😂",Spam,seed,1.0
"why phones are made to last long for 10 years, why we keep spending money again and again?",Support,seed,1.0
"absolutely terrible review. no benches, nothing about temps, nothing about how portable it is. this channel is as usual the worst ever",Other,seed,1.0
i play the witcher 3 with a 45 fps lock and medium-low settings. the steam deck was running for 3.5 hours,Gaming,seed,1.0
bro 17 republic day price drop heli bro,Spam,seed,1.0
"venom brother, literally loved your video. were way you speak were real pros and cons and were way of explaining, top notch brother. keep making these kind of videos.",Spam,seed,1.0
j'ai acheté la même hier❤,Other,seed,1.0
well mario also has bob-ombs so.,Spam,seed,1.0
that’s a generated 😂😂😂,Spam,seed,1.0
"no one should buy it after the nearly 50% price hike, but considering stock still sold out shortly after valve announced this, it just validates their decision.",Price,seed,1.0
switch 2 is more satisfying ❤😊❤😊❤,Hardware,seed,1.0
"iphone 17 or realme gt 8pro which one is better for heavy gaming and camera, performance, battery",Competition,seed,1.0
you have no friends. what's the point of that? 😂😂😂,Other,seed,1.0
its still a childish console with unfinished crappy games day one 😂,Gaming,seed,1.0
and 600$,Price,seed,1.0
straight up rworded video,Other,seed,1.0
aapki video dekhkar maine 17 pro leliya 🎉❤,Purchase Intent,seed,1.0
2017 i 2 sal ka was,Other,seed,1.0
"who cares about ""new games"" 😂 this crap is not worth your money.",Hardware,seed,1.0
"another bug , if you disable hotspot from center bar but it is still open need to of from settings",Software,seed,1.0
i got that,Spam,seed,1.0
why don't you choose lenovo legion go s? (steamos),Competition,seed,1.0
s25 full review podunga,Competition,seed,1.0
your getting bricked,Other,seed,1.0
"everything the gabites thought they knew about valve is wrong. online and cloud saves are not free. they're funded by not having a secondhand market. 10 bucks a month in steam sales is 120 bucks a year. you've already been paying for cloud saves. xbox has been charging for online since 2004 and in 25 years they have not turned a dime in profit. this stuff is not free folks and valve isn't giving it away because they're ""not greedy."" tldr, valve's books are tighter than we all imagined and they were forced to do this to stay solvent. also, price of games being lower on steam is a farce. re9 is currently on sale on xbox and it has never gone on sale on steam. i know because i do not buy digital games day one. paying full price to rent a game.no thanks.",Price,seed,1.0
what about a switch 2,Other,seed,1.0
"despite the wave of negative reviews from major tech reviewers, iphone sales don't seem to be slowing down. i really don't understand the hype. it feels like customers are being overcharged for minimal features, and it's wild to see people buying them on monthly installments when there are far better value for money options out there.",Competition,seed,1.0
"""or a handheld on-the-go console"" shows a wii u 😂",Other,seed,1.0
the joycons had me confused for a sec lol laugh,Hardware,seed,1.0
"couldn’t agree more, which is why i just upgraded from a base 13 to the base 17, a week ago.",Performance,seed,1.0
brother 17 and 16 plus comparison kudunga brother,Spam,seed,1.0
where can i buy it😮,Other,seed,1.0
my dad doesn't let me buy it😢,Other,seed,1.0
just put one 6000mah silicon carbon battery and vapour chamber in it. you are settled for next 5 years.,Hardware,seed,1.0
nintendo switch,Spam,seed,1.0
"is bro my name bala. my frd recently buy iphone 17mist blue. but one he faced that is “voice option not showing “and “when someone calls my number, were call does not go to voicemail. it directly shows ‘busy’ or gets disconnected. i want voicemail (including visual voicemail) to be enabled, similar to how it works on android phones.” “could you please tell me if this issue is related to any update or software problem?”",Software,seed,1.0
"so no answer, thanks",Purchase Intent,seed,1.0
"im over the big phones and i'm starting to think going from a 16 pro max to this wouldn't be entirely bonkers, the cheaper iphones have really stepped up their game since i had my 14 plus.",Competition,seed,1.0
"would really enjoy a blooper reel at the end credits, like a movie.",Spam,seed,1.0
me after owning a switch 2 this christmas:,Other,seed,1.0
he's been sued by nintendo 64 times now,Other,seed,1.0
"nah, the stream deck doesn't have a problem, gaming has a problem and it's called unreal engine 5. everyone is using it, very few effectively. my sd is now my main & only gaming specific device. as someone who grew up gaming (snes was the first console i owned, but the atari was the first i played), it's really impressive that i can play many newer games (god of war, spider-man, replaced, satisfactory, etc.) with little performance issues on a handheld device. gone, should be, are the days of handheld specific versions of games and now it's the same game you may just have to lower the resolution of.",Software,seed,1.0
watching this from my iphone 13 with 256gb and battery life is 74%. i think i’ll wait for one more year to upgrade,Battery,seed,1.0
the bugs that you are talking about could be internal damage from the falls,Other,seed,1.0
i wish you a pleasant game.,Gaming,seed,1.0
“nintendo switch 10 dollars to 500 dollars” *shows steam deck* i guess nintendo bought steam now!,Competition,seed,1.0
"indiana jones und 007 sind auch meine top 2 in diesem monat. platz 3 wäre bei mir forza horizon 6 geworden, da auch dieser teil wieder super optimiert für handhelds ist. wobei hier zwischen claw 8ai+ und steamdeck was performance und bildqualität tatsächlich schon welten liegen. xess ist fsr 3.1 einfach mal um längen überlegen. übrigens, mit dem release von indiana jones auf der switch 2, hat maschine games auch nochmal einen patch für die pc version nachgeschoben, der die cpu optimierungen der switch 2 auch auf den pc bringt. damit lässt sich auch der ägypten level, wo vorher in einigen bereichen gerade mal 24 fps geschafft wurden, jetzt ohne probleme mit 30 fps + auf der claw spielen. bei 007 first light bin ich sehr auf die switch 2 version gespannt. der unterschied in dem spiel zwischen fsr und dlss sind welten. daher gehe ich mal davon aus das die switch version, ähnlich wie indiana jones, eine deutlich bessere bildschärfe haben wird und damit dann auch wieder die xbox series s ausstechen wird, was die bildqualität betrifft.",Gaming,seed,1.0
but you haven’t even tried others tf you were using an 11,Competition,seed,1.0
nick fake video switch 2 bettery life was shorter than deck lcd to become longer than oled,Battery,seed,1.0
venom brother amazon me lcd steamdeck 24k me mil rha h kharid luu ?,Purchase Intent,seed,1.0
"steam doesn’t require steam hardware to play games on it, so valve doesn’t sell massive amounts of hardware, and doesn’t get discounts from production companies on that hardware.",Hardware,seed,1.0
❤same nodoke ade reeti ide .anna .🎉,Other,seed,1.0
"i never really thought about the steam deck (mainly because i'm a nintendo kid) and tbh i didn't know it only came out 3-4 years ago, i thought it was released in like 2015 or something lol",Competition,seed,1.0
my kids presented me n hubby with a new iphone 17,Other,seed,1.0
legion go can run this came on ultra settings ;),Competition,seed,1.0
i'm the guy who bought the 16e and am now getting the 17,Purchase Intent,seed,1.0
wowww una consola que salio hace 3 años contra una del año pasado . wowwwww. este crack rompio la matrix----,Spam,seed,1.0
that xbox ally looking so much better now! so glad i copped it,Competition,seed,1.0
7:00 i have the iphone 17 and would prefer the camera(s) of the pixel 10. so i would not say the iphone 17 is a better deal than a pixel 10.,Camera,seed,1.0
i don't think people would get the switch 2 for cyberpunk 2077.,Gaming,seed,1.0
most people probably brought them on a credit card and gonna try to resell,Other,seed,1.0
"i’ve been using iphone 13 for last 4 years (longest any phone i used). this phone has fallen so many times, soaked in sea water and washed purposely many times yet on the entire phone there is only one hairline minor scratch. the only thing is ive always used a tempered glass and cover.",Display,seed,1.0
there is a ps5 portable,Competition,seed,1.0
my favourite colour is black and white,Other,seed,1.0
oru 17 vaanghichu 24 manikoor use cheythilla motherboard adichu poii guys valla thelivum vennell myg karunagappaly showroom vist cheyth choichall mathii 👌 1/04/2026,Other,seed,1.0
rampires. amazing xd,Spam,seed,1.0
2:30 well. the pricing is now reversed people.,Price,seed,1.0
the witch 3 on the steam deck costs 300 roubles in on the 5k scroll ?,Price,seed,1.0
"yeah, well, what does it mean?",Other,seed,1.0
bro my steam deck would be having wind noise 24/7 and a lot of heat and don’t get me started on the games i’m like moving 3 frames per second with every game i played unless if i’m playing pac man or the og donkey kong,Performance,seed,1.0
i upgraded yesterday to 17 from the 14,Purchase Intent,seed,1.0
all the off brand shit 😂,Spam,seed,1.0
iphone 11 il ninn 17 ilekk upgrade akkiya njn🎉😅,Spam,seed,1.0
never in my life would i recommend iphone to anyone. either go for xiaomi or samsung or better yet huawei. go eat ur own shhh yu suck at everything,Competition,seed,1.0
steam machine will be a catastropic failure if it's not 500-700 usd. while rasing cost are a valid reson for price to be higher. but people will simply not have liqudity to buy it. steam deck succes was in massive part due to it's pricing being in reach of large demograpic aroung the world. 1000 usd steam machine is doa (dead on arrival) if its more it might even kill entire steam hardware branch momentum.,Price,seed,1.0
ya quiero probarlo en mí futura legion go,Competition,seed,1.0
"appale avru ninge phone kalsalla yakandre nindu enadru ondu golu edde erutte adke, yakandre ninge enadru ondu svalpa beku svlpa beku antiya adke😂😂",Other,seed,1.0
brother please give steam deck please dedo,Spam,seed,1.0
even before the price hike i couldn’t recommend the steam deck after 2024 .,Purchase Intent,seed,1.0
bro esport ke liya to take chaiye ki not or recording with how much gaming are goes is this i phone 17? plz reply bro,Spam,seed,1.0
"my advice is that do not buy steam deck, at least not directly from valve. poor device, even wors customer service. i ordered one last july and it had a faulty panel and it would reset mid game on regular basis. they said they would fix it for free, but the repair service claimed that the screen was cracked when they received it (but, i suspect that their technician broke it). they also claimed that it couldn't have broken in transit because it was very well packaged and therefore the warranty would not cover the damages. device was in mint condition externally when it was sent to get repaired. also, i had kept it clean and well protected. they would have aggreed to fix the screen for a little under half of the original purchase price. i declined since that would not fix the ”powering off” issue.",Support,seed,1.0
algún día la tendré ya sea comprada por mi o regalada🥲,Other,seed,1.0
anna watching this review in iphone 17 only 😂(bought today) but i didn’t get any warranty card or user manual should i get worried?,Support,seed,1.0
$1070 in europe,Price,seed,1.0
this is a good opportunity. honesty wireless / electronics salesman selling only what user needs.,Other,seed,1.0
"i stopped following pc handhelds after getting my rog ally x. are there actually handhelds over $2k? i just bought a sff mini pc with a mobile amd ryzen 9, 32gb ram, 1tb ssd, and desktop 5060 for $1500.",Price,seed,1.0
the world when im finally an adult: 😢,Spam,seed,1.0
u have an asymmetric face😢,Spam,seed,1.0
can you please review the 1x player x1,Other,seed,1.0
thanks for the great video.,Spam,seed,1.0
i just got a nitendo switch oled model,Purchase Intent,seed,1.0
brother now 66k milra oled should i buy this or fo for xbox ally?,Purchase Intent,seed,1.0
my phone also 17❤,Spam,seed,1.0
mobiles best !,Other,seed,1.0
precisei ver o vídeo pra saber como abre a caixa 😅,Other,seed,1.0
bro 5x photo video unda,Spam,seed,1.0
i bought my first iphone (the normal 17) specially because now i have money and i would like a phone that does not devalue so fast. how often is it worth changing an iphone? four or five years?,Support,seed,1.0
"why is your dock black and your controllers are coloured? my dock is white, same as the joycons or controllers, or whatever it's called 😅",Other,seed,1.0
"i just upgraded 3 days ago, from iphone 11 (64gb) to iphone 17 (256gb). the big increase of storage is the best part lol. and yeah, i love every bit of iphone 17. gonna embrace it for the next. 6 years :d",Hardware,seed,1.0
you can't really say they didn't raise the price when the only oled model is equivalent to the highest end model. there's no way to get a 64 or 256 gb cheaper version,Price,seed,1.0
my fav is the 300$ switch because it's the only hybrid one that plays nintendo games,Price,seed,1.0
assembled in karnataka,Other,seed,1.0
bro 17 pro max how,Spam,seed,1.0
50 procent more expensive but 10x more performance than the 1st. isnt all that bad and personaly i really like the lcd screen. and yes i also own a oled display. but not kidding im glad it doesnt have oled cuz i find it pretty intens to look at. and switch dock is hooked to my 360hz oled anyways.,Price,seed,1.0
pubg mentioned in big 2026?,Spam,seed,1.0
no bugs so far purchased the base 17 a month ago solid cameras and battery. but found only 2 bugs,Camera,seed,1.0
"i just went from xr (been using for 6 years) to 17 (base). i probably could have gotten away with a 17e, since i'm not on my phone all the time (not a phone zombie; don't use social media).",Purchase Intent,seed,1.0
i got a gaming pc with a 5070 in costco for like 1500 usd last year. right now a similar machine is 2200. just crazy,Competition,seed,1.0
ummm guys. my nintendo is 20k,Price,seed,1.0
bro i love your videos only one thing i want from you that a video of diffrentent games cds and cards of nintendo switch,Gaming,seed,1.0
the band is called,Spam,seed,1.0
paying so much and it cant even charge with 100 watt?!,Battery,seed,1.0
i sold my steamdeck oled because i got laid off and i needed extra cash.a year and a half later i regret selling it and these items are all sold out lol,Other,seed,1.0
both sound the same,Hardware,seed,1.0
brother achha review dete are,Other,seed,1.0
it's surprising this song is going viral.,Other,seed,1.0
in what world is a pixel 10 more expensive than an iphone? maybe just in america cause everywhere else that's not the case,Price,seed,1.0
"i upgraded from 12 pro to 17 pro and went level lower to the regular 17. to be honest, beside of camera there is no major difference",Camera,seed,1.0
team switch,Other,seed,1.0
"if a nintendo switch 2 oled is coming them it'll be a win despite everything, the one thing nintendo has that xbox doesn't are exclusives",Display,seed,1.0
i'm becoming increasing happy with my decision to buy a steam deck last year xd,Purchase Intent,seed,1.0
iphone phobiasil phone edukkalle. they are charged more price like emi processing fee almost 2k and also charge personal insurance . if you want to weiveoff this chage to reliance digital mart. you can save min. 3k for sure.,Price,seed,1.0
why was there the suicide hotline under this video?,Spam,seed,1.0
whoop band 4.0 unboxing video madi bro,Spam,seed,1.0
nintendo is for kids : mario cart 🤡 ps4/ps5 is for legends: tlous2 gow got unchrtd bloodbborne,Competition,seed,1.0
yes i love it when you tube advertises crimes!,Other,seed,1.0
the best tech content out here. good luck!,Other,seed,1.0
ps1 was the best in video game history relax,Other,seed,1.0
people arguing over oled bruh look at the damn thing,Display,seed,1.0
nunchuk 🥵🥵🥵,Other,seed,1.0
just did the switch after watching this video yesterday. upgrading from 11 to 17.,Purchase Intent,seed,1.0
venom bai kisi shop ka adress btao jo steamdeck main games dalta are delhi main ?,Purchase Intent,seed,1.0
and 750$ for a switch 2,Price,pseudolabel,0.976624071598053
steam deck is now 800$,Price,pseudolabel,0.9749510884284973
yah.720p for 700$.no thanks.,Price,pseudolabel,0.9730163216590881
make 400 $,Price,pseudolabel,0.972936749458313
"i'm finded steam deck oled 512gb for 450$, i think for this price it really worth it",Price,pseudolabel,0.9720677137374878
what about $1000,Price,pseudolabel,0.9712971448898315
this crap is still overpriced 180% 1000$ in europe 2025-11-14.,Price,pseudolabel,0.9708650708198547
"lol, this video didn't age well. steam deck now $800 - $1,000",Price,pseudolabel,0.9703460931777954
"games were not $39.99, it went 10 bucks, calm down",Price,pseudolabel,0.9700077772140503
$299 in 2017 is $406 in 2026 dollars. get over it. everyone watching this knows you already have a switch 2.,Price,pseudolabel,0.9698049426078796
"this is not even about deck pricing, they are basically stopping production, the important thing is that the deck absorbs now part of the negative pr for when the steam machine is announced at $1600.",Price,pseudolabel,0.9697090983390808
if it was a 100 dollars more you’re still getting a lot for the price .,Price,pseudolabel,0.9695873260498047
"it is now back in stock. i’m glad that gaben both stocked the machine back so quickly, and undercut scalpers who rushed to make it out of stock previously. still wish the price increase wasn’t hundred of dollars tho especially for something that is three years old mediocre spec.",Price,pseudolabel,0.9695864319801331
australia $800 for mario kart world with the nintendo switch two justin nintendo switch to a $600,Price,pseudolabel,0.9693891406059265
if your steam deck breaks today! it's not worth it to buy again. after only paying less then $500 the first time. now you need to pay $1000 and if that also breaks again. you payed lots of money when you would just get a simple computer or a cheap laptop under $300 .,Price,pseudolabel,0.9692913889884949
"i mean it was already around $900 in my country, so it didn't change much lol",Price,pseudolabel,0.968598484992981
"remember when nintendo announced that they'll be raising the switch 2 price by $50 in september this year and people called them greedy? but when valve raises the steam deck price by $300 out of nowhere without announcement, it's the economy. i think these people just loves to hate nintendo.",Price,pseudolabel,0.9685788750648499
in canada on bell i got the phone for $1 a month on 24 month lease and cost to own at end is only $300 making the phone only $324 with their 150gb plan so total is $61 cad plus tax a month not too shabby,Price,pseudolabel,0.9682059288024902
"bro i have a switch and it was like so expensive than $300 it was $14,000 (you might not understand the p because i live in a different country lol)",Price,pseudolabel,0.9677703380584717
but is it worth the current going price of ~$1000?,Price,pseudolabel,0.9672849774360657
the switch oled costs 400$ now but there are some at my nearest walmart that have the original price of 350$ so this could be my chance to get it!,Price,pseudolabel,0.9671341180801392
asmondgold predicted $1200 for the steam machine,Price,pseudolabel,0.966703474521637
750$ switch 2,Price,pseudolabel,0.9664993286132812
i think people are scared of it going to $1950 in a couple months,Price,pseudolabel,0.9658772349357605
its not steam. here is accurate ram pricing info: average wholesale cost (16 gb package)market condition2023$35 – $50market oversupply; historic price bottom.2024$55 – $75modest recovery; rising smartphone and pc demand.2025$120 – $180extreme price spikes starting in q3/q4 due to ai shortages.2026 (current)$240 – $320+severe supply crunch; prices peaked at historic highs.,Price,pseudolabel,0.96563720703125
"hopefully our gamer president, donald j. trump 🇮🇱🥇, does something about this. this is not what we voted for!",Price,pseudolabel,0.9643067717552185
i have 100$ should i get that one,Price,pseudolabel,0.9641143679618835
"now look, i’m gonna buy one here soon, but this pissed me off, the “inflation” comment and the “four years” comment, do not try to make it sound like that $150 pricie increase is only going to have a four year lifespan.",Price,pseudolabel,0.9639840126037598
"i just bought one, atleast i was able to. when the prices were cheaper they were never in stock, whatever its $200 thatd be wasted somewhere else ig",Price,pseudolabel,0.9637990593910217
"oh wait, didn't linus buy a 16gb vengence stick for 50$ two weeks ago? are we now pretending that the prices are higher than before?!",Price,pseudolabel,0.9637418985366821
u can buy 5 ps4 for one of these or one ps5 for 50$ more,Price,pseudolabel,0.9630565643310547
good luck getting one amid this ram shortage. basically for anyone not scalping using bots will have to pay $900+ for an oled deck and they're simply not worth that. switch 2 that wildly available for $450 is the only deal to have right now but even that won't last forever.,Price,pseudolabel,0.9630461931228638
the $450 switch = switch 2,Price,pseudolabel,0.9629829525947571
"if $500+ was “impulse buy territory” to you, we are not in the same tax bracket",Price,pseudolabel,0.9620502591133118
steam machine will be 2k watch. theres no way with the handheld being the aforementioned price for a machine,Price,pseudolabel,0.9613559246063232
now switch 2:$450,Price,pseudolabel,0.9608399271965027
1080p there no need for oled switch 2 who gonna be 600$ for that,Price,pseudolabel,0.9608204364776611
just upgraded to the 17 from my 12 yesterday,Purchase Intent,pseudolabel,0.9607611298561096
it would be an s teir console only if its price in india is less than 45k,Price,pseudolabel,0.9600646495819092
"trust me, this is not the end. right now consumer ram is still “cheap” considering how production shifted. look at the price increases for ddr5 ecc registered ram. insane prices of 1500€ per 32gb module.",Price,pseudolabel,0.959716260433197
"the second he said ""its not the reason it cost $450"" i already knew he was full of it.",Price,pseudolabel,0.9595174193382263
ok i was trying to buy one but cant find it anywhere. i guess i gotta go with the ally x,Purchase Intent,pseudolabel,0.959071934223175
500$ = switch 2,Price,pseudolabel,0.9586968421936035
"in england now, it's £349.99",Price,pseudolabel,0.9581859111785889
it should be under ₹ 10k,Price,pseudolabel,0.9573770761489868
just ram increased from last last year 250% (as march 2025) so a 30% increase seems valid with the ssd price increase. it makes sense but it's still sad.,Price,pseudolabel,0.9567875266075134
i have a xbox ally 600$ better than 950$,Price,pseudolabel,0.9566136002540588
why am i getting this in 2026? its about to go up to $500.,Price,pseudolabel,0.9563683271408081
ipad pro m5 review podunga,Competition,pseudolabel,0.9561383128166199
in türkiye switch oled is 18.889 turkish lira but a switch 1 is 35.000 turkish lira. inflation sucks.,Price,pseudolabel,0.9559615850448608
"$50 price increase like the switch 2 i would completely understand. hell even a $150 price increase like the ps5 i would understand. but a $250-300 price increase? nah. this is just pure incompetence on valve’s part to negotiate with ram and storage suppliers. if asus can resist price increases with a far smaller number of allies sold, valve can do better with the best selling pc handheld of all time. if i didn’t already have a sd oled i wouldn’t even consider buying one now",Price,pseudolabel,0.9545251727104187
ise good laptop to take or pc better is or sirfi game is to ps5 best console,Competition,pseudolabel,0.9545224905014038
"correction.! the steamdeck is not the best handheld on the market. not even close. the xbox ally x is much better over all. better performance, better battery life, better grips, full xbox support. i have no idea where do people keep coming with this bs idea that the sd is still the best handheld out there. the cheap price doesn't make your games any better and now at $900 its proofs that there is absolutely no reason to get one anymo",Price,pseudolabel,0.9536120891571045
"no one is buying it in australia cos the top tier model is 1,429 which is more expensive than a ps5 pro",Price,pseudolabel,0.9528140425682068
lenovo legion go is nice,Competition,pseudolabel,0.9527470469474792
"it wasnt even worth it at $550, it's a $450 device even with an oled screen maximum i would pay.",Price,pseudolabel,0.9524586200714111
bai tum muje dado nintendo lait plij😢,Other,pseudolabel,0.9520347118377686
"i don’t get why valve is getting so much hate for the price increase, the lcd steam deck was $399 for like 2 years. they intentionally kept hardware margins extremely thin or take an initial loss.",Price,pseudolabel,0.9517608880996704
"23,435.27₱ or 399dollars, such expensive",Price,pseudolabel,0.9514321684837341
i payed for my switch 2 for 100$ when is was released ❤,Price,pseudolabel,0.9510779976844788
the peopl who thoght the 500$ was a switch 2 😮😂,Price,pseudolabel,0.9507894515991211
bonjour si ça tombe le 9 juin je serais content ça tombe pile poile a mon anniversaire 😂🎂,Other,pseudolabel,0.9507458806037903
i have it now my daddy can play 😎🗿🖥️,Other,pseudolabel,0.9502151012420654
450 dollars for the nintendo switch 2,Price,pseudolabel,0.9500290155410767
"i dont get why everyone is so pissed off about this. like what the hell is steam supposed to do? its not their fault that all these ai companies have a lock on all memory hardware for like the next half a decade . is steam just supposed to operate at a loss indefinitely? does it suck that the 1tb oled is now almost $1k? yeah, but i highly doubt valve *wanted* to price it that way.",Price,pseudolabel,0.9499025940895081
2:21 anti clark 😂😂,Spam,pseudolabel,0.949415385723114
bonjour edouard et la commu merci pour le gn ☺️ pour adventure of elliot pour ma part ça sera ma pépite ♥️ et pour ce qui est du nintendo direct il me tarde qu’il débarque trop hâte 🥰 belle journée à tous 😉,Other,pseudolabel,0.9492486119270325
"valve really should suck it up and make steam machine a loss leader. the compounding positive pr and industry momentum it would bring them would make up for that cost. i saw someone else suggest that it could be a higher price but include a $300 steam rebate which also isn't a bad idea. i know they care very deeply about their cult (me tbh) and their optics, so i don't know if they should try to turn a profit on these at this point.",Price,pseudolabel,0.9490879774093628
price helu bro,Spam,pseudolabel,0.9490042328834534
bonjour edouard! hâte de voir ce que ce nintendo direct nous prévoit! bonne journée à toutes et tous 😊,Other,pseudolabel,0.9489073753356934
unbox madida takshana en chennagide en chennagilla antha henge gothagutte kanista paksha 1 waranadru beku,Other,pseudolabel,0.9486446976661682
merci édouard! très belle journée à tous 😉,Other,pseudolabel,0.9483516812324524
ith shazzam thane alea. 🫣🧐,Other,pseudolabel,0.9483484029769897
just get the xbox ally at this point. the base model is $500 and the x is only $50 more than the 1tb sd and way more powerful.,Price,pseudolabel,0.9480714201927185
amazing bro. kadak,Spam,pseudolabel,0.9480166435241699
eden hale vedio na matte mubai ge hogi eskond band ed phone ela en aithu,Other,pseudolabel,0.9475976228713989
steam deck on launch: twice the power at half the price steam deck now: twice the price at half the power,Price,pseudolabel,0.9475805163383484
well ofc it's not nintendo but it still can run mario,Competition,pseudolabel,0.9475530982017517
17 pro video,Spam,pseudolabel,0.9472855925559998
"sadly the steam deck price increase matched up with the increase in (consumer) prices for ram and storage. that said, the steam deck is a horrible value now. back when it was first conceptualized and introduced chips were the expensive part, while storage and memory were cheap so the steam deck's specs made a lot of sense. that past reality has now been turned upside down and the apu's performance is pathetic joke for an $800+ device. valve would do well with releasing a new deck, that's maybe $100-200 more than the current, but with performance that would actually reflect that price tag.",Price,pseudolabel,0.9472374320030212
didn't nintendo already include the price increase for america when it first launch. crazy nintendo being greedy because japan version should be the same as america and uk price. nintendo do not sell at a lost so they are taking advantage,Price,pseudolabel,0.9470628499984741
😃😃😃😃😃😊 também tem um nilton suíte,Other,pseudolabel,0.9466282725334167
"coucou edouard, et une bonne journée à toutes et tous ! bientôt le week ☺️ courage aux travailleurs 💪",Other,pseudolabel,0.9465928077697754
la ia está potente 🗣️🔥🔥🔥🥵,Other,pseudolabel,0.9464950561523438
no. forget the deck and rog ally. get the beast. the legion go 2 z2e. that thing is incredible but $$$,Price,pseudolabel,0.9464341998100281
nintendo switch 2 at $450 usd is the answer as of may 2026,Price,pseudolabel,0.9462499618530273
"the 512gb model is definitely still worth it at $789, for so many reasons. the deck was actually too cheap before, which is one reason it has dominated the pc handheld market for so long and continues to sell out despite the price hike. before the deck, a pc handheld cost well over $1,000 and they sucked shit. that was before all this inflation and ai, too. there is more to a handheld than raw performance.",Price,pseudolabel,0.9460511207580566
where is lite?,Other,pseudolabel,0.9460504055023193
case link tharro shaz brro,Spam,pseudolabel,0.9459510445594788
16pro or 17 which is better,Competition,pseudolabel,0.9459095597267151
what's emulation,Other,pseudolabel,0.9458439946174622
nintendo 2 bro,Spam,pseudolabel,0.9456763863563538
"if you can bring your pc to where you are, you can setup apollo or sunshine and moonlight, that way your pc can just be plugged into the wall, and you game stream from the pc to your sd, fully using your graphics card and pc raw power while still having the benefits of playing on a handheld. this setup as well the deck lasts incredibly wrong since all its doing is olaying a video and passing on the input. it also gets passed all linux limitations as the game is being played on your main pc, and if thats windows, anticheat or anything else does not matter. i have moonlight set up in my house and can play directly on my tv, phone, steamdeck, etc using my pc at my desk.",Software,pseudolabel,0.9456084370613098
bhaut good less karre bache 🎉,Other,pseudolabel,0.9455491900444031
"rog ally my sbse best gaming purchase is now tak ka. handheld gaming sbse comfortable hota is, experience did is this mene.",Competition,pseudolabel,0.9455435276031494
why is your voice like 1980sgamer ?😮,Other,pseudolabel,0.9453369379043579
"i was hoping they would talk about the % increase. its not surprising it went up, but isn't it unprecedented it went up by 50%?",Price,pseudolabel,0.9453145861625671
great video :),Spam,pseudolabel,0.9452199935913086
stick drift,Spam,pseudolabel,0.9449827671051025
masih bingung mau beli sekarang atau nunggu versi oled atau version 2 atau versi lite nya 😂,Other,pseudolabel,0.9449583888053894
dude why are your icons so large? you aint an old man 😂,Other,pseudolabel,0.9447422027587891
bonjour édouard merci pour les infos bonne journée à toi et à tous 👍👍👍,Other,pseudolabel,0.9446253776550293
the deck literally went from being to value king to the worst value pc handheld overnight. but i'm sure valve's competitors are happy. and it's a foregone conclusion at this point that the steam machine will release at over $1k.,Price,pseudolabel,0.9445576667785645
bro 17 pro anankilo,Spam,pseudolabel,0.9444906711578369
nintendo switch 2 yes $19.00,Price,pseudolabel,0.9444172978401184
title english la potu yen daa vadaku baashai la pesura,Other,pseudolabel,0.9440443515777588
que barra te sale en windows?,Other,pseudolabel,0.9439687132835388
evdy ninnu medikkan aha paranje,Other,pseudolabel,0.9436876773834229
¿cuánto te va doyó la playstation cuánto te valió la prestation,Other,pseudolabel,0.943636417388916
me gusta,Other,pseudolabel,0.9435393214225769
what are those little finger prints? is it really brand new ?😬,Other,pseudolabel,0.9435001611709595
"6:43 call of diddy, and butthole field?",Spam,pseudolabel,0.9434970021247864
"i probably shouldn't say because it might spark a panic buy but the legion go 2 is only $1,899 used on amazon.",Price,pseudolabel,0.9434629082679749
vast bro 17,Spam,pseudolabel,0.9434207677841187
"6:43 ""call of deedee""",Spam,pseudolabel,0.943364143371582
video la edaila memes video poda vena sema irritating ah iruku,Other,pseudolabel,0.9432469010353088
"marques, the worst thing stitch 2 has done is the extra cost for switch 2 versions. it’s 75 dollars for say, legends za which is a game available on switch 1, the same game! but no, for switch 2 version you have to pay 75 dollars, tax included. that’s just not ok.",Price,pseudolabel,0.9430583715438843
any advise if i better wait for steam deck 2 in 2026 or buy the oled one now?,Purchase Intent,pseudolabel,0.9430514574050903
what is face buttons?,Other,pseudolabel,0.9426908493041992
bonjour edouard ! merci pour ton gn ! perso j’avais parié sur le 4 juin mais effectivement le 9 juin est une date plus stratégique. si c’est pas la semaine prochaine je ne comprendrai définitivement plus la com de nintendo 😂,Other,pseudolabel,0.9425628781318665
you can play destiny ?,Other,pseudolabel,0.9424934983253479
thanks for the video,Spam,pseudolabel,0.9421079158782959
18:15 banado bro haha,Spam,pseudolabel,0.9420982599258423
eliot c'est nouveau jeux de tondeuse a gazon?😅 on coupe de l'herbe,Other,pseudolabel,0.9420797824859619
bon on en peut plus là.il faut vraiment que ça soit lundi prochain.bref c'est imminent et ça risque d être oufissime,Other,pseudolabel,0.9420647621154785
dut dut juja con joy cuhn do the dight chit chat noice,Other,pseudolabel,0.941843569278717
njnum eduthu bro. thanks,Spam,pseudolabel,0.9417495727539062
i phone 17 or vivo x300 which phone is better,Competition,pseudolabel,0.9415495991706848
nintendo switch,Spam,pseudolabel,0.9415468573570251
nintendo switch,Spam,pseudolabel,0.9415468573570251
nintendo switch,Spam,pseudolabel,0.9415468573570251
nintendo switch,Spam,pseudolabel,0.9415468573570251
nintendo switch,Spam,pseudolabel,0.9415468573570251
nintendo switch,Spam,pseudolabel,0.9415468573570251
nintendo switch,Spam,pseudolabel,0.9415468573570251
bro e phone sale ge edya😂,Spam,pseudolabel,0.9414406418800354
porque los títulos en inglés?,Other,pseudolabel,0.9413031935691833
cual de todas ellas es tu fav.?,Other,pseudolabel,0.9410539865493774
30% is only if a game doesn’t sell a certain amount. a good game would become more lucrative if it sells better by reducing valves percentage.,Price,pseudolabel,0.9409583806991577
same. it was due for a price decrease with how dated its gotten. not worth it at current price or old price.,Price,pseudolabel,0.9408438801765442
but mario has bombs.,Gaming,pseudolabel,0.9408265352249146
switch 2,Spam,pseudolabel,0.9408159852027893
switch 2,Spam,pseudolabel,0.9408159852027893
switch 2,Spam,pseudolabel,0.9408159852027893
switch 2,Spam,pseudolabel,0.9408159852027893
switch 2,Spam,pseudolabel,0.9408159852027893
switch 2,Spam,pseudolabel,0.9408159852027893
switch 2,Spam,pseudolabel,0.9408159852027893
switch 2,Spam,pseudolabel,0.9408159852027893
switch 2,Spam,pseudolabel,0.9408159852027893
switch 2,Spam,pseudolabel,0.9408159852027893
switch 2,Spam,pseudolabel,0.9408159852027893
switch 2,Spam,pseudolabel,0.9408159852027893
switch 2,Spam,pseudolabel,0.9408159852027893
ugh i wish asus used a better screen. gonna have to wait for the steam deck 2 i guess,Purchase Intent,pseudolabel,0.940428614616394
enaku avara theryathu pa,Other,pseudolabel,0.940311074256897
mig switch,Spam,pseudolabel,0.9402377009391785
nintendo switch2,Spam,pseudolabel,0.9401837587356567
die neue onimusha demo ist einfach der hammer.capcom haut ein hit nach dem anderen raus,Other,pseudolabel,0.9401662349700928
❤️❤️❤️ für mixtape 🙂 jetzt schon ein spiel des jahres 😄 unfassbar viel spaß gehabt ❤️ lg michael,Other,pseudolabel,0.9401571750640869
c'è l'ho tutte le nintendo 😍👍,Other,pseudolabel,0.940144419670105
can i have swich lite or switch 1,Other,pseudolabel,0.939814031124115
mais arrête,Other,pseudolabel,0.9397851824760437
definitely switch 2,Spam,pseudolabel,0.9397813677787781
switch two,Spam,pseudolabel,0.9397244453430176
"500$ switch ""its a steam deck"" :meanwhile the switch 2 👁👄👁",Price,pseudolabel,0.9396953582763672
iphone 17il kaanunnavar😍,Spam,pseudolabel,0.9396544098854065
i want one so bad 😫,Other,pseudolabel,0.9396454691886902
"6:40 ""call of diddy""",Spam,pseudolabel,0.9391360282897949
ye itna tutul putul kyu kr raha,Other,pseudolabel,0.9387529492378235
gracias por ponerle en español o no fuiste tu 😮,Other,pseudolabel,0.9387525320053101
"podrían usar los acentos a la hora de escribir el texto que un loquendo moderno leerá después para la versión en español? aunque ni siquiera creo que escriban el texto. parece mas bien una traducción rápida y literal de google translator 😂. por favor, respeten los acentos en español. son importantes y determinantes. gracias❤",Other,pseudolabel,0.938722550868988
nintendo switch 1,Spam,pseudolabel,0.9386945366859436
nintendo switch 1,Spam,pseudolabel,0.9386945366859436
nintendo switch 1,Spam,pseudolabel,0.9386945366859436
just started using the blss hack and says bye i don’t need the plane,Purchase Intent,pseudolabel,0.9385049939155579
best part of the video 3:33,Spam,pseudolabel,0.9384229779243469
you can emulate anything on it?,Other,pseudolabel,0.9383294582366943
by the memory shortage. the steam deck got hit by the memory shortage.,Purchase Intent,pseudolabel,0.9382669925689697
watching in iphone 17pro🎉😂,Other,pseudolabel,0.9381288290023804
watching in iphone 17😂😂😂,Other,pseudolabel,0.9381288290023804
watching in iphone 16😂,Other,pseudolabel,0.9381288290023804
what about mini miltia 😅,Other,pseudolabel,0.9379749298095703
me gustaría tener eso🎉🎉🎉,Other,pseudolabel,0.937953531742096
what a name style from your glasses. like so nice,Other,pseudolabel,0.937888503074646
nintendo switch 2,Spam,pseudolabel,0.9377244114875793
nintendo switch 2,Spam,pseudolabel,0.9377244114875793
nintendo switch 2,Spam,pseudolabel,0.9377244114875793
ap sa zyada achaa ha🤬🤬🤬,Other,pseudolabel,0.9375292658805847
why does he look like i have seen him some place else 🧐,Other,pseudolabel,0.9374567866325378
how to get every game❌ how to brick your console ✅,Other,pseudolabel,0.9373573660850525
"legend of zelda: tears of the kingdom is far better than god of war,gta 5",Competition,pseudolabel,0.9373352527618408
y it aint white and black,Other,pseudolabel,0.9373319149017334
"si, consolas portables ya lo sabemos.",Other,pseudolabel,0.937326192855835
iphone 17 vs moto signature podunga bro,Spam,pseudolabel,0.9373186230659485
nan phone tagond mele review nodta iddini😅😂,Other,pseudolabel,0.9372825026512146
"ena than intha iphone performance panuthu nu terla, scroll pana contacts tortoise mari poguthu 😅😅",Other,pseudolabel,0.9372667670249939
"i was definitely lucky enough to get a 512 for 500$ a little over a month ago on marketplace and i’ve been loving it, very grateful.",Price,pseudolabel,0.9370966553688049
trash video,Spam,pseudolabel,0.937063455581665
enthanu ee antutu score enn arelum paranjeruo😂,Other,pseudolabel,0.936917245388031
můj ninndendo lepši 🤬🤬🤬,Other,pseudolabel,0.9369069933891296
nahh he $500 switch is just an half switch 2 lol,Price,pseudolabel,0.9367562532424927
bro i phone 16 plus or 17 vd madi bro,Spam,pseudolabel,0.9366722106933594
bro skizy nuts dry fruits bagge fake website link bagge video madi,Spam,pseudolabel,0.9366206526756287
"nintendo, plz release the background music of the video",Spam,pseudolabel,0.9364946484565735
can you play war thunder on it?,Other,pseudolabel,0.9364186525344849
nice mirror effect! i can do that! 😆,Other,pseudolabel,0.9363768696784973
i am upgrading from iphone 12 to iphone 17 ! i am 32 years old and i am kind of not a phone fan! 😁 i just use the phone for calling and texting! for photos and videos i have a 3500$ camera 📸 !,Price,pseudolabel,0.9363386034965515
can it run minecraft?,Other,pseudolabel,0.9363114237785339
typing from my new 17 🎉 watched this video a million times before buying it 😂😂,Other,pseudolabel,0.9362342357635498
well what does it make sense at all is there both 16 gb and there's a 200 and something dollar difference ssds you can still get a terabyte for 200 bucks that's what i got it when it first released so what are we paying for the extra glass that was already on it where's the gap in between the two models and why did the old ones that were refurbished they already had that didn't have the component hike why'd they go up,Price,pseudolabel,0.9361867904663086
"the nintendo switch costs r$2,100 in brazil. this country is terrible.",Price,pseudolabel,0.9361797571182251
"they definitely lost all those impulse buys. the price was what motivated me to buy one. i didn't have much at the time, so i bought a 256gb lcd model, which i had upgraded to a1tb drive down the line. i ended up buying a 1tb oled model because i loved it so much. now with (i hate to say it) nintendo switch 2 being $500. it has become the handheld that makes the most sense.",Price,pseudolabel,0.9359952211380005
"so: steam deck out of stock, people mad at valve because out of stock steam deck back in stock with higher prices because they cost more to make, people mad at valve because price is higher. steam deck sells out in less than 24 hours. people mad at valve because not enough stock. was also the same story with the controller - ""$99 is way too much!"" - sold out in 25 minutes. nobody likes to pay more for things, even when that cost is justified by higher costs to make (or quality) - but they damn well pay it because ""expensive"" is relative, while ""nonexistent"" is very not. the steam machine failed before because (1) third parties doing what was best for them and not valve (or the end user), and (2) it expected devs to port to linux, which was overly optimistic. the new steam machine is a reference model designed and made by valve directly, and *plays all of your old games unmodified* because of tech like proton that didn't exist the first time around. say what you will about valve, they aren't stupid. they make mistakes, but they learn from them.",Price,pseudolabel,0.9355588555335999
"i decided to upgrade from the 15 to the 17 to take advantage of the $300 trade-in on the 15, and using id me shop (veterans, 1st responders, teachers and others are eligible with verification) 10% off at apple, i was able to get the 17 for $446. that price, those features, and the fact that i usually wait about 3 years to upgrade my (any carrier phone) - coming up on that now - made the decision an easy one. as a bonus, i had just recently signed up for a credit card that gave me a $200 credit after i spent a certain amount within the first few months, and that credit just dropped into my account! my new 17 will cost me $246, and i'm so excited to have so much more storage, camera improvements, faster chip, excellent referesh rate, ai, and a beautiful, bright screen with a two hour increase in battery life on the phone. seems like this model hits the sweet spot for most consumers.",Price,pseudolabel,0.9354840517044067
"gracias por el video! eres el mejor 🎉 no se si tengas un video así en tu canal pero me gustaría que algún día hicieras un “de cero a experto para usar los fsr, el ris” y todas esas herramientas para escalar uno a veces se pierde con tantas opciones para usarlo correctamente que abruman 😅 un abrazo y sigue con mas videos geniales!",Other,pseudolabel,0.9354609847068787
switch 1,Spam,pseudolabel,0.9354385733604431
switch 1,Spam,pseudolabel,0.9354385733604431
switch 1,Spam,pseudolabel,0.9354385733604431
switch 1,Spam,pseudolabel,0.9354385733604431
thank you for your honest review really helpful❤❤,Other,pseudolabel,0.9352850317955017
tks bro tks 🎉,Spam,pseudolabel,0.9352840185165405
juandi nunca abandonas ninguna handhled 💪🏻👌🏻,Other,pseudolabel,0.9352604150772095
meanwhile s 26 ultra,Spam,pseudolabel,0.9351773262023926
na the way i throw a joycon at my friends tv when it gets stick drift. 💀 the crack it makes 💔,Other,pseudolabel,0.9350080490112305
aiyoo ivana daa,Other,pseudolabel,0.9348428845405579
pour moi le nintendo direct le neuf juin c'est possibles sa tombe un mardi donc se serait logique,Other,pseudolabel,0.9348395466804504
this aged like milk 😬,Other,pseudolabel,0.9348271489143372
quante ne ai,Other,pseudolabel,0.934825599193573
can you run vr on it?,Other,pseudolabel,0.9348229169845581
correct me if i'm wrong but don't other manufacturer handhelds cost much more than even a price increased steam deck?,Price,pseudolabel,0.9346832036972046
innuma nee uruttikitu iruke? ivanungalum pakuranunge?,Other,pseudolabel,0.9345089197158813
nintendo switch 2 wow,Spam,pseudolabel,0.9344816207885742
eu nunca vou ser feliz,Other,pseudolabel,0.9344181418418884
idc steamos is way better and worth having less specs,Competition,pseudolabel,0.9343900084495544
watching this on iphone 17📈,Other,pseudolabel,0.9343447685241699
ennu ennu yenu beku .😅 iphoneraa vaditharaa bro. ninna😅,Other,pseudolabel,0.9343339204788208
me la regalas plis,Other,pseudolabel,0.9340131878852844
isase badhiya mein ps4 mein le lun,Other,pseudolabel,0.9339914917945862
"samsung, skh, and micron should be broken up for once again price fixing like they did 20 years ago, but valve needs to stop selling hardware at more-than-loss. they make so much money on steam. only the 64gb model was ever sold at a loss. that and every data center needs to burn to the fucking ground. also, there's no way in hell the steam deck sold out to real consumers at the elevated price. it was all scalpers.",Price,pseudolabel,0.9338657855987549
brother muche nintendo switch lite tetijiye my ko bhut good feels is,Other,pseudolabel,0.9338529706001282
did it load into “us” for everybody?,Other,pseudolabel,0.9336578845977783
cuando bale la nintendo suitch,Other,pseudolabel,0.9334138631820679
i really love this food😂,Other,pseudolabel,0.933192789554596
amazing video and review! just picked up mine in white today and absolutely loving it.,Other,pseudolabel,0.9331691265106201
jesus loves you carte,Other,pseudolabel,0.9323592782020569
die in the dungeon hat mich gut abgeholt diesen monat,Other,pseudolabel,0.9323471784591675
whats a universal facebutton 😅,Other,pseudolabel,0.9323466420173645
se qui serait plus intéressant c'est que un jour il mettre youtube sur la nintendo switch 2 ses vraiment long pour rien tout le monde attend je suis tanné de attendre youtube mais merci aussi pour les infos de toutes tes vidéos et merci toi aussi je te souhaite une belle journée ou une belle soirée et toi aussi prends soin de ta famille merci encore pour tes vidéos continue tes vidéos sont intéressant 🎉 et lâche pas tes bon comme youtuber 🎉🎉🎉🎉🎉,Other,pseudolabel,0.9322658181190491
i wish i will have a game & watch,Other,pseudolabel,0.932157039642334
"the game library is massively bigger — hundreds, thousands of games. prices are way lower too, sometimes 10x cheaper on sales. so. what exactly am i supposed to choose?",Price,pseudolabel,0.9321339726448059
me gusta mucho,Other,pseudolabel,0.9321038126945496
"already a year ago, how time flies.",Other,pseudolabel,0.932026207447052
beli sekaranga kak,Other,pseudolabel,0.9319751858711243
antique farm equipment reviewing antique gaming equipment. what a world.,Other,pseudolabel,0.9318245649337769
grow a beard!,Other,pseudolabel,0.931755006313324
que perfeito 😢,Other,pseudolabel,0.9314785599708557
leakers : le nintendo direct c'est le 9 juin. moi si je bossais chez nintendo : bon ils parlent du 9 . ba on va décaler en septembre du coup 😈,Other,pseudolabel,0.9314193725585938
vous êtes où ? combien,Other,pseudolabel,0.9312776327133179
that's cool bro can you please show what we are supposed to be selecting,Other,pseudolabel,0.931265652179718
$949 and sold out? wtf? the hardware is now old and its not worth that much. scalpers.,Price,pseudolabel,0.9312296509742737
got a steam deck lcd on facebook marketplace from someone in the handheld reddit 512gb model $160 could not pass it up,Price,pseudolabel,0.9311190843582153
what about iphone 18,Other,pseudolabel,0.931110143661499
every men dream 🎉❤,Other,pseudolabel,0.9311087131500244
the switch lite. how come i can't have my own controller 🎮 *pfrt* *gets jealous*,Other,pseudolabel,0.9310821890830994
i love this song😊,Other,pseudolabel,0.9310045838356018
love that u use craft. best app i have ever used,Other,pseudolabel,0.9310011267662048
ils sont capables de le faire le 10 ou le 17 😂,Other,pseudolabel,0.9308186173439026
download proton 11,Spam,pseudolabel,0.9307116866111755
nintendo switch two block bnao,Spam,pseudolabel,0.9304071664810181
"maaaan, get yourself a laptop!",Other,pseudolabel,0.9303295016288757
thank you so much i am using iphone 13❤,Other,pseudolabel,0.9302729368209839
bought new after your review ❤👌,Other,pseudolabel,0.9300251007080078
mai pubg khelta am i what 😂,Other,pseudolabel,0.9300031661987305
"how do ai plate readers protect the kids? it doesn't prevent cars from passing the bus, it only fines them. oh because the person willing to chance passing the bus will have to pay, after they already created the safety issue. so the person driving without a license, will find a way out, because they would never drive without a license. why not have police drive with the bus to threaten people from doing this? we already have those, and they can even make sure the correct person is responsible. they can even provide additional blockage and visibility with their cars and lights. i would assume they couldn't be there everyday, depending on emergencies, but if they are on patrol, they can do that near the school bus. i guess there are just not enough police or time for them to do this. it's probably better they spend their patrol time trying to catch kids smoking, or cutting through someones yard, than to help them not get plowed over by someone rushing to the bar, because they didn't make enough sales to get that bonus they were counting on. i'm all for protecting children, but it has to actually do that, not chance that it can. the real lesson to the person lies when whatever was so important is now delayed by getting a ticket, or being blocked from passing, the fine means nothing to people with money that can just pay to do it. this has nothing to do with actual protection, and only generate revenue.",Support,pseudolabel,0.9299758076667786
"pour moi un treehouse focus sur un jeu ce sera starfox, c'est le prochain gros jeu à sortir",Other,pseudolabel,0.9299443960189819
me iqoo se khush hu humko nhi chahiye iphone😂😂😂,Other,pseudolabel,0.9297286868095398
chup chap se nintendo switch de,Spam,pseudolabel,0.9295806288719177
me enamore 😍😍,Other,pseudolabel,0.9294721484184265
well that’s been said before 😂😂,Other,pseudolabel,0.9294401407241821
where's switch lite?,Other,pseudolabel,0.9294381737709045
"well, bowser junior is my goat",Other,pseudolabel,0.9293636083602905
how dare youtube hide this from me for 3 whole minutes,Other,pseudolabel,0.929254412651062
what are you doing to my sister 😭,Other,pseudolabel,0.9290731549263
"8:40 farted naughty boy, i got you🤭",Spam,pseudolabel,0.9289795160293579
iphone 17 air review madi bro,Spam,pseudolabel,0.928854763507843
whyyy is your voice so deep,Other,pseudolabel,0.9288069009780884
omg the design on this baby is so awesome my cousin has this one she loved it 😎❤,Other,pseudolabel,0.9287678599357605
hello man whats up,Other,pseudolabel,0.928767204284668
j'ai la oled en blanc,Other,pseudolabel,0.9287474155426025
good job to you.😅😊❤😢,Other,pseudolabel,0.9287469983100891
good old emulation,Other,pseudolabel,0.9287145733833313
"never buying a switch 2 for cod aged well, mw4 on the way.",Purchase Intent,pseudolabel,0.9287077188491821
can you give me a switch?,Other,pseudolabel,0.9286713004112244
"watching on iphone 17, my first iphone❤",Other,pseudolabel,0.9285383820533752
2016 nintendo switch,Spam,pseudolabel,0.9285237193107605
well this aged like expired milk,Other,pseudolabel,0.9285233616828918
bro samsung a56 video potuga bro🎉,Spam,pseudolabel,0.9283965826034546
phir bhi kabhi nhi lunga,Other,pseudolabel,0.9282601475715637
una mamá da,Other,pseudolabel,0.9282315969467163
watching on iphone 17😅,Other,pseudolabel,0.9281569123268127
watching on iphone 17🎉,Other,pseudolabel,0.9281569123268127
watching on iphone 17❤,Other,pseudolabel,0.9281569123268127
you wont believe what happened,Other,pseudolabel,0.9280396699905396
switch 2 👇,Spam,pseudolabel,0.928024172782898
"bhaiya pani nikal ta hua lhel sakta ha , 🌚",Other,pseudolabel,0.9279467463493347
vivo pics looks so muddy,Other,pseudolabel,0.9277102947235107
bro 17 soft ware update cheyyano new vangikumboo,Spam,pseudolabel,0.9276630282402039
always give someone a second chance or a chance in general it might change there enter life ❤,Other,pseudolabel,0.9275591969490051
"in the uk cex sell mint condition rog ally x for £660 with a 5 year warranty. that’s £220 cheaper than the 1tb steam deck oled. i managed to get a z1e rog ally with hall effect sticks, a 2tb nvme and a battery upgrade for £460. i love my steam deck but it isn’t worth paying £770 when more powerful systems can be had for a lot cheaper.",Price,pseudolabel,0.9274604320526123
iphone 16 pro better than 17 base 🫡😬🫠,Competition,pseudolabel,0.9273182153701782
isse badhiya em good build bana take ps5 and nintendo sworch dono se stronger will be,Competition,pseudolabel,0.9272476434707642
you can do that,Other,pseudolabel,0.9272387027740479
hahahaha lol,Other,pseudolabel,0.9269533753395081
"i am pissed with iphone's software, after spending so much, it is worse than a 20k android",Price,pseudolabel,0.9269331693649292
shows in stock for me,Other,pseudolabel,0.9268932342529297
"merci edouard, bonne journée 😗",Other,pseudolabel,0.9268904328346252
bro had gta 6,Spam,pseudolabel,0.9267336130142212
whats that weather widget app?,Other,pseudolabel,0.9266327619552612
brother please gift kr do ❤,Spam,pseudolabel,0.9264716506004333
"gute liste! pragmata gehört für mich definitiv auch mit drauf, in ca. 16 stunden war ich durch 😁 und wenn ich noch ein wenig zeit übrig habe, versuche ich mich an den optionalen herausforderungen, einfach ein tolles spiel!😍",Other,pseudolabel,0.9263845086097717
10:51 “pretty well” 😂,Spam,pseudolabel,0.9262652397155762
chhota wala how many ka is,Other,pseudolabel,0.9260008931159973
can you give me 1,Other,pseudolabel,0.925967812538147
me thinking the $500 switch was the switch 2,Price,pseudolabel,0.9257810711860657
switch 3 trailer,Spam,pseudolabel,0.9253114461898804
bro ore oru ? iphone kum android ku enna bro vithiyasam ethu bro life konjam solla mudiyuma,Other,pseudolabel,0.9250168800354004
can you give me the nintendo switch 1,Other,pseudolabel,0.9248586893081665
watch the 3 be the size of a tv 😂,Other,pseudolabel,0.9248367547988892
كم nintendo switch,Spam,pseudolabel,0.9247945547103882
was the script written by ai? half the stuff you utter is wrong,Other,pseudolabel,0.9246633648872375
le 10 me semble être la meilleure date,Other,pseudolabel,0.9246507287025452
kisi garib ke hath me iphone phir chala gaya 😂😂😂,Other,pseudolabel,0.924644410610199
how did you trade yours please i want to trade my 13,Other,pseudolabel,0.9246283173561096
watching in iphone 17 ❤️,Other,pseudolabel,0.9245031476020813
watching in iphone 17 😅,Other,pseudolabel,0.9245031476020813
the switch its more satisfying the the switch 2,Hardware,pseudolabel,0.9244428277015686
i forgot how out of touch this channel got with its viewers until i saw the $69.99 screwdriver again,Price,pseudolabel,0.9243443608283997
capitalism and it's invisible hand 😂,Other,pseudolabel,0.9243396520614624
watching on iphone 17,Other,pseudolabel,0.924256443977356
it's a great feeling to take an iphone 17 and watch this video.,Other,pseudolabel,0.923837423324585
so good how can you even do this video,Other,pseudolabel,0.9236864447593689
i wish i could afford switch 2 😢,Other,pseudolabel,0.9235435724258423
charagea hatta vage eda phone 💯,Other,pseudolabel,0.9234774708747864
i don’t have a switch lite. can you gift it to me pls😢,Other,pseudolabel,0.9233954548835754
bgmi khel sakte he isme? 😅😅😅,Other,pseudolabel,0.9232380986213684
nah i actually like this,Other,pseudolabel,0.9230034351348877
just got mine yesterday! i love it! love the review!,Other,pseudolabel,0.922938346862793
aged like fine milk,Other,pseudolabel,0.9228711724281311
this video randomly fell into my recommendations and what was my surprise when i saw tenge😂 greetings from baku,Other,pseudolabel,0.9226773381233215
"me da muchisima paz escucharte, no se si es tu voz o lo tranquilo que eres, pero así da gusto. respecto a la optimización me ha sorprendido mucho lo bien que va el juego y lo bien que se ve en todas. más juegos así hacen falta, y por supuesto, que microsoft se ponga las pilas con el tema de la pantalla completa por dios!",Other,pseudolabel,0.9225438237190247
aare brother vo mic muhh se nikal 😂,Other,pseudolabel,0.922242283821106
4:52 clash of clans supremacy💀,Spam,pseudolabel,0.9220975041389465
"""take that sony"" aged like fine wine.",Other,pseudolabel,0.9219865798950195
ps portal se good remote play wala you no use karlo?😂😂😂,Other,pseudolabel,0.9219182729721069
yesterday's booly't,Other,pseudolabel,0.9216081500053406
sir give it too me😭 this is not for you😅,Other,pseudolabel,0.9215267300605774
omg i just watched your wife's video on the subject and youtube recommended me yours haha,Other,pseudolabel,0.9212751388549805
tf is that remix,Spam,pseudolabel,0.9211284518241882
ye khareedein kaha se par,Other,pseudolabel,0.9210447072982788
mario has explosives the bullet or the shells,Gaming,pseudolabel,0.9207471609115601
i’m watching with iphone 17 😅,Other,pseudolabel,0.9207167625427246
buying the steam deck oled was the best investment ive made in a long time i paid 400$ now i can reselle for over 900$ since they dont sell them anymore and mine is fully custom,Price,pseudolabel,0.9206255078315735
porque no te gusta el d-pad em swizzle porque,Other,pseudolabel,0.9204511642456055
my name also shubh can you please give me a dictator switch,Other,pseudolabel,0.9204241037368774
jitna price h .utne mai koi playstation na le koi,Other,pseudolabel,0.9203579425811768
you and i love you so much my 💗,Other,pseudolabel,0.9203429818153381
nobody’s gonna talk about the dirt on the switch 😂?!?!,Other,pseudolabel,0.9202936291694641
yachts ain't gonna pay for themselves!,Other,pseudolabel,0.9202917814254761
"i just ordered the mid level oled model last night, it’s on a backlog to come to canada",Purchase Intent,pseudolabel,0.9202448725700378
watching this one my iphone 17,Other,pseudolabel,0.9202196002006531
ps5 all ka baap jhuke ga nai sala😂,Other,pseudolabel,0.9200212955474854
comparing a handheld device to a console.😂😂,Other,pseudolabel,0.9200153350830078
eu vou ficar com meu oled,Other,pseudolabel,0.9199756979942322
android be like eden ka naam suna is😂,Other,pseudolabel,0.9198517203330994
i want 🇦🇺🇦🇺🇦🇺🇦🇺🇦🇺🇦🇺🇦🇺🇦🇺 emoji,Other,pseudolabel,0.9198059439659119
battery pora 😂😂😂,Other,pseudolabel,0.9197166562080383
"came back to this video, watching it on my new iphone 17 ❤",Other,pseudolabel,0.919657289981842
bro this is switch 1,Spam,pseudolabel,0.9196209907531738
great content buddy ! keep it up ❤,Other,pseudolabel,0.9194430708885193
what does universal face buttons even mean?,Other,pseudolabel,0.9193446636199951
how match is it?,Other,pseudolabel,0.9193054437637329
"me to editor hu, mene gaming se kiya karna haj",Other,pseudolabel,0.9193040132522583
no thx :d,Spam,pseudolabel,0.9192954897880554
both are equally satisfying 😅,Hardware,pseudolabel,0.9192485213279724
don't cry,Other,pseudolabel,0.9188717603683472
"as an android user i was gonna get this phone. love the simple aesthetics and the smaller form factor. but samsung came along and briefly offered the 1tb/16gb s26 ultra for $1200 and i just couldn't pass it up. at regular price, the ultra with those specs is $1000 more than the iphone 17 but a $400 difference between the two phones is a game changer. the thing i like about the base 17 though is that it knows exactly how 98% of the masses use their phones and it excels in all of it, with only the ultra premium perks that most people don't use missing from it.",Price,pseudolabel,0.9188650846481323
"now what valve did was scummy and i agree, but to be fair if you didn’t get a steam deck at this point thats your lost, it was the same price for 4 years and actually $400 when it first came out. let this be a lesson you can’t always “wait for the hype to die down”",Price,pseudolabel,0.9188535213470459
"bro iph 17 ahn njn use chaiyunne, njn eduthath new ahn its been a month. appo athil enikk oru doubt und ente cousin te kayyil iphone 13 ahn appo avamte iph il keyboard typing sound kooduthal aayittan thonnunnae enikk comparing to 17 appo njn google chaithappo ath newer versions anganae anu ennanu parayunne.",Other,pseudolabel,0.9185992479324341
are you always high? or you sound like that since childhood?,Other,pseudolabel,0.9185522794723511
thanks for putting so honest review ❤,Other,pseudolabel,0.9185038805007935
"yeah, this vid is all well and good but he forgot to mention one big thing. obviously the steam deck isn't for aaa gaming! it's niche and more suited for aaa, retro and emulation.",Competition,pseudolabel,0.9184296727180481
the worst how-to video ever.,Other,pseudolabel,0.918318510055542
u can mod you steam deck by instaling decky loader also there is a performance mod iin the steam deck named decky-framegen with that tools u will a better experience it boost fps with ddlc and for a grater experience u could use some plugin and cryoutulity for stable fps,Competition,pseudolabel,0.9182910323143005
bro v1 qu not purchase karu,Spam,pseudolabel,0.9182732701301575
i am waiting for the bubble collapse then the hbm goes into cosumer market with extremely low price,Price,pseudolabel,0.9182520508766174
which townhall you have?,Other,pseudolabel,0.9182358384132385
sounds like sandpaper 😭,Other,pseudolabel,0.9181162714958191
bro phone mathu tha review pannuvigala 🙄 headphones eadachu pathi poduga na vangunu suggest pannuga under 1000 ku,Other,pseudolabel,0.9180809855461121
lite vs switch 1 vs oled vs switch 2 sizes,Other,pseudolabel,0.9180144667625427
"""as confusing as midnight thoughts"" - this will be my most used example this new year.",Other,pseudolabel,0.9179708957672119
chulada de bebe mio,Other,pseudolabel,0.9179665446281433
- switch 2 💀,Spam,pseudolabel,0.9177478551864624
moja mila kay,Other,pseudolabel,0.9176434278488159
you almost had it. byte your bits,Other,pseudolabel,0.9176181554794312
weak ass video,Spam,pseudolabel,0.9176123142242432
"""periya paiyan jatti pottu varuvan da"" mention by samsung is 😂😂😂samsung savuda yenda center stage camera selfie la kuduka matra?😂😡",Other,pseudolabel,0.917435884475708
watching this on iphone 17 in 2026,Other,pseudolabel,0.9174258708953857
switch 2 is only like £389.,Price,pseudolabel,0.9174255728721619
how bro got early access for gta6💀,Spam,pseudolabel,0.917338490486145
gooood job!,Other,pseudolabel,0.9173184037208557
nintendo ki reality jyada good is and and uske games very khatarnak is and nintendo winner is👑👑💀💀,Competition,pseudolabel,0.917317271232605
edit super 😂good video,Spam,pseudolabel,0.9171327352523804
hello from russia!,Other,pseudolabel,0.9170342087745667
it’s my birthday 🎉🎉🎉,Other,pseudolabel,0.9169629216194153
i was planning on getting a steam deck but given how ridiculously expensive it has become. that option is out the window. luckily i have found an alternative one i'll get instead.,Purchase Intent,pseudolabel,0.9168861508369446
zealots of saint gaben fuming all the way is such a treat to witness 😆,Other,pseudolabel,0.9166561365127563
"mixtape ist doch indie und kein aaa😅 würde dem game nie eine 10 geben, höchstens eine 7. da gefallen mir die anderen story games besser (life is strange, telltale)",Other,pseudolabel,0.9165800213813782
why did i never seen this on mine,Other,pseudolabel,0.9164665341377258
lol bro this is ps5 vs all nintendos ps5 obviously solos nintendo can just run 720p to 1080p while ps5 can run upto 4k with way better games,Competition,pseudolabel,0.9163119792938232
nintendo switch 2 ki unboxing,Spam,pseudolabel,0.9162723422050476
brother fc26 works,Spam,pseudolabel,0.9162424206733704
"who said what they said about apple iphone, who didn't say what they said about apple v/s sandeep tech in kannada 😂👏",Other,pseudolabel,0.9161706566810608
where did you find that hdr setting?,Other,pseudolabel,0.9161176681518555
out for a rip! great song and hell of an easter egg,Other,pseudolabel,0.9160265922546387
"yo bro, crazy story, but. i have that same one piece poster in my hallway 😭",Other,pseudolabel,0.9160081744194031
"yo igual, en mi familia teníamos un switch de 2017 y para juego en modo portátil ya estaba bastante mala de la batería. ahora que me mudé para estudiar, me regalaron el modelo oled con los joy-con y dock blancos y ahora que frecuento más jugar en modo portátil, para mi ha sido la consola perfecta.",Other,pseudolabel,0.9159098863601685
"so many angry poor kids getting jealous and fiending in the comments. cope harder, poors!",Other,pseudolabel,0.9158467650413513
très bonne nouvelle ! je pense que no rest ftw est le jeu que j'attends le plus. (a part zelda of course),Other,pseudolabel,0.9156083464622498
in pasose may pc na kharidlu 🤔,Other,pseudolabel,0.9155578017234802
update the price to $500 for september,Price,pseudolabel,0.9155575037002563
apple 12 is my first iphone and trust me it’s an typical olive 🫒 green in colour,Other,pseudolabel,0.9154008626937866
"nope it sucks no vibration no i can see why it’s $800 not $1,400 like the legion go that’s got vibration can play every game perfect better then the steam deck",Price,pseudolabel,0.9152770042419434
you what dekh rhe are you which khareedne wale are,Other,pseudolabel,0.9151265025138855
"puthiya siri ye patty endhaan abhiprayam ? enik pazhaya pole alla. endhelm similar word paranhaal adh pop up aavum. chila time hey siri, or siri enn paranjaal response undaavilla. facetime cheyynne time, when i call my brother ‘shemi’ it pops up. very annoying 😁",Other,pseudolabel,0.9148617386817932
nitando switch,Spam,pseudolabel,0.9147849082946777
are you a moron with the editing or something?,Other,pseudolabel,0.9147295951843262
who is watching without money 😂,Other,pseudolabel,0.9146326184272766
watching on 3 days new iphone,Other,pseudolabel,0.9146028161048889
aur fir nitendo ne bola ha chal sakti,Other,pseudolabel,0.9145669341087341
i’m watching this on my iphone 17 only 😂😂,Other,pseudolabel,0.9145033955574036
i love how you try to hide your left thumb stick cause it’s broken,Other,pseudolabel,0.9142559170722961
please share i phone 17 pro,Spam,pseudolabel,0.914166271686554
iphone avr en guru san maklu t***e tara battery kodtaare 🤦,Other,pseudolabel,0.9139960408210754
watching in 17😂,Other,pseudolabel,0.9137258529663086
watching in 17😂,Other,pseudolabel,0.9137258529663086
who's watching in 2026? 👇,Other,pseudolabel,0.9133893251419067
you wanu know something dumb i had 900 $ $ $ back at xmas got a ps5 so i could get more games then got 2 games for my switch now i have 200 for a moniter and should have like 10-20 left dont worry i have astro bot on my ps5 and a tv to play on my ps5,Price,pseudolabel,0.913389265537262
"""i want to bite your bytes"" was right there 🦹♂️",Other,pseudolabel,0.9129906892776489
who is tell you not to,Hardware,pseudolabel,0.912960410118103
"switch 2 nothing is special, oled way better, my opinion, oled is 24k rupees, and switch 2 is 60k rupees and new special, only big screen, and graphics, also games are overpriced like mario kart is 80$.",Price,pseudolabel,0.912706732749939
watching in iphone 17,Other,pseudolabel,0.9125906229019165
the switch 2 just came out more games are being optimized for it just look at pragmata or re9 is a win for nintendo players since they get full triple aaa games(even when they keep crying that there is no 3d mario) and a win for pc handhelds users since a switch 2 version makes it easier to optimize for them.,Competition,pseudolabel,0.9125345349311829
yea im good im never ganna by this,Other,pseudolabel,0.912469744682312
"bonjour, wind waker on l'a eu. dans le nintedo online.",Other,pseudolabel,0.9124631881713867
this is just waste of money,Other,pseudolabel,0.912433922290802
chalane ka tarika a little casual is. 😅,Other,pseudolabel,0.9124282598495483
it’s full of ai.,Other,pseudolabel,0.9123285412788391
i watched 13 times these video i'll buy in one month,Other,pseudolabel,0.9121990203857422
paid to make this hit piece,Other,pseudolabel,0.9120633006095886
got it. it's epic,Other,pseudolabel,0.9120243787765503
no friends got me! 😂,Other,pseudolabel,0.9120110273361206
can i have your nintendo switch,Other,pseudolabel,0.9118500351905823
what are you doing here,Other,pseudolabel,0.9117803573608398
inflation is 6% if you look at your money supply. and inflation‘s going up in the coming months.,Price,pseudolabel,0.9117084741592407
that's what i've been watching.,Other,pseudolabel,0.9115501642227173
this is a virus,Other,pseudolabel,0.9115420579910278
phone ine patti ariyan ivde vanna mati 🥵,Other,pseudolabel,0.9113466739654541
felicidades 👏 👏 👏 😁,Other,pseudolabel,0.9111695885658264
"stimme dir in allem zu, meine highlights im mai waren: 1. lego batman 2. mixtape 3. the last campfire lego batman wird mich noch länger beschäftigen! das ist auf dem steamdeck wirklich gut zu spielen! es macht unglaublich viel spaß! 😉",Other,pseudolabel,0.9111282229423523
troll video lol,Spam,pseudolabel,0.9108364582061768
"diference is the steam deck is actually a console. operative system, dedicated hardware, exclusives. the rog ally x or the lenovo legion go are just handheld pcs",Competition,pseudolabel,0.9108070135116577
how do you screw up a 10 second video so badly?,Other,pseudolabel,0.9108067154884338
damn i miss chad linus with this beard,Other,pseudolabel,0.9107916355133057
show your steam library 👍,Other,pseudolabel,0.91072016954422
can you review nothing phone 3 or 4a/4a pro,Competition,pseudolabel,0.9106646180152893
“thank you valve” well said. thank you.,Other,pseudolabel,0.9104143381118774
why is mine red and blue not blue and red?,Other,pseudolabel,0.9102786183357239
i am your big fan,Other,pseudolabel,0.9100406169891357
"the switch 2 is cheaper and better than steam deck 1. no doubts. just facts. i'm waiting on the steam deck 2 to see what valve is going to do with their brand. but i'll probably not get it still if it's priced like a desktop pc at 1,000usd",Price,pseudolabel,0.9098752737045288
"given the new price point, you'd think that at least valve processes orders at this price quickly. yet, 24h and they still haven't even packaged it. which makes me wonder, well, there might still be a lot of demand. (in case you think that i'm dumb for buying. being quite ill and having a ton of savings that i can't take with me in the case that i do die makes the purchase reasonable.)",Price,pseudolabel,0.9098511934280396
i bought it today ❤,Other,pseudolabel,0.9097909927368164
i got the lenovo legion go s on release im liking it a lot more than my steamdeck,Competition,pseudolabel,0.909729540348053
"wow, this is amazing!",Other,pseudolabel,0.9097108840942383
switch lite users laughing at the corner,Other,pseudolabel,0.9096694588661194
nintendo switch was better than playstation 3! 😡,Competition,pseudolabel,0.9096061587333679
6:43 whose call?,Spam,pseudolabel,0.9094734787940979
finally someone speak my heart. ❤,Other,pseudolabel,0.9093300700187683
"shameless person.remove tech in kannada title man, why are you hurting tech word. better use phone seller in kannada 😂😂",Other,pseudolabel,0.9092659950256348
22:18 sungh bhi not payega! 🤣🤣🤣🤣 oh god i laughed harder than carry's latest parody,Other,pseudolabel,0.9091498255729675
jai hind! goosebumps moment for us! proud of your scientists ! our sovereignty is protected !,Other,pseudolabel,0.9088550209999084
switch 2 not 1😂,Spam,pseudolabel,0.9086112380027771
iphones are lame.,Other,pseudolabel,0.9085317254066467
oled is my dream,Other,pseudolabel,0.9085067510604858
that’s my switch design!,Other,pseudolabel,0.908416211605072
indha video la vara aaa game enna game?,Other,pseudolabel,0.9081824421882629
sorry headphones: 3:27,Spam,pseudolabel,0.9080678224563599
that’s exactly how everything is in iran,Other,pseudolabel,0.908063530921936
you forgot to save,Other,pseudolabel,0.9080361723899841
nintendo switch 2 ❤❤❤❤❤,Spam,pseudolabel,0.9077093005180359
"jasne gra na steam kosztuje 40 zł ( 8$ ) , a na swich 260zl ( 65$). zajebiste porównanie.",Price,pseudolabel,0.9076833724975586
"i can't recommend getting any new video game hardware right now. prices going up made things too volatile. i'd say stick with what you have right now, console or pc. all i can recommend are retro emulation handhelds like the stuff from anbernic as well as android handhelds like the ayn odin 3, but even those will likely see price increases. maybe the xbox rog ally (standard version, not x). as expensive as that is, it's way cheaper and way more powerful than the steam deck, although not as powerful as the ally x. it has a much better price-to-performance ratio than the steam deck now. i would also consider checking out the used market if you're looking for pc parts, but watch out for scalpers. when buying a gaming pc or a console, you have to take everything into consideration. ""what can i do with my machine?"" ""how's the price-to-performance ratio?"" ""do the amount of games make this machine worth buying?"" ""will it last me a long time?"" things are very bad right now.",Price,pseudolabel,0.9075456857681274
watching this video on my iphone 17 😅😂,Other,pseudolabel,0.9075241684913635
you sounds like todd howard. are you todd howard?,Other,pseudolabel,0.9074714779853821
ich behaupte jetzt einfach mal: wer 007 am tv spielen kann. tut es! das ist ein blockbuster der jeden film hinter sich lässt und an der glotze so richtig zur geltung kommt. übrigens warnung: englische sprache / deutscher text. ihr lest viel. 😂,Other,pseudolabel,0.9072275757789612
de portatiles tienen el nombre jajajaja,Other,pseudolabel,0.9070937633514404
did you get sued yet?,Other,pseudolabel,0.9070876836776733
thats slime rancher?,Other,pseudolabel,0.9068384170532227
"mario has explosives, if your playing the newer ones",Gaming,pseudolabel,0.9067642092704773
what is an iphone phobia?,Other,pseudolabel,0.9066584706306458
who's here after price increases?! 😢❤,Other,pseudolabel,0.9064145088195801
i wish i could have 1,Other,pseudolabel,0.9063199162483215
can anyone give me ps4,Other,pseudolabel,0.9062833786010742
bhai meine soona hein ki ismein free mein ismein free mein gta 5 ismein ismein ismein free mein ismein ismein free mein ismein ismein ismein free mein ismein ismein ismein ismein ismein ismein ismein ismein ismein ismein ismein ismein ismein ismein ismein ismein ismein ismein ismein ismein ismein ismein ismein ismein ismein ismein ismein ismein ismein ismein ismein ismein ismein ismein ismein ismein ismein ismein ismein ismein ismein ismein ismein ismein ismein ismein ismein ismein ismein ismein ismein ismein ismein ismein ismein ismein ismein ismein ismein ismein ismein ismein ismein ismein ismein ismein ismein ismein ismein ismein ismein ismein ismein ismein ismein ismein ismein ismein ismein ismein ismein ismein ismein ismein ismein ismein ismein ismein ismein ismein ismein ismein ismein ismein ismein ismein ismein ismein ismein ismein ismein ismein ismein ismein ismein ismein ismein ismein ismein ismein ismein is ismein ismein is ismein ismein ismein ismein ismein is ismein ismein ismein ismein is ismein is is is ismein is is is ismein is ismein is is is is is ismein ismein is ismein is is is ismein is is is is is is is is is is is ismein is is is ismein is is is is is ismein is is is is is is is is is is is is is is is is is is is is is is,Other,pseudolabel,0.9062271118164062
punch in the dick is what im hearing,Other,pseudolabel,0.9062211513519287
5:18 skip bottun,Spam,pseudolabel,0.9062139987945557
roda fortnite?,Other,pseudolabel,0.9061524868011475
looking at the likes that cat bouta become pretty round,Other,pseudolabel,0.9059480428695679
"17 whether you buy or not, what is it?",Other,pseudolabel,0.9058884978294373
this dude is real af. it’s refreshing. becoming one of my fav youtubers.,Other,pseudolabel,0.905879020690918
i js got it😛,Spam,pseudolabel,0.9056301712989807
the song. you can ask the flowers why are ypu washing dipers😂,Other,pseudolabel,0.9053528308868408
you know what else is over.? the middle class.,Other,pseudolabel,0.9052321314811707
nintendo switch 1 é o melhor,Spam,pseudolabel,0.9049833416938782
"indian tech youtubers= spreading fake, and false information just for views",Other,pseudolabel,0.9048953652381897
thirumba vanthutiya thaiolee,Other,pseudolabel,0.9044984579086304
this wallpaper where to get?,Other,pseudolabel,0.9044943451881409
fuck it me and my green iphone 11 against the world,Other,pseudolabel,0.9044885039329529
i hate my mom because she didnt buy me one😡,Other,pseudolabel,0.9044181108474731
just bought mines yesterday i love it,Other,pseudolabel,0.904335618019104
bob! 3:58,Spam,pseudolabel,0.904086172580719
that's interesting,Other,pseudolabel,0.9039656519889832
the most of you are talking sh***! just keep on playing!,Other,pseudolabel,0.9038934111595154
"20 seconds in and this guy gets it more than other reviewers. comparing it to an actual phone people are upgrading from, not the pro version or air or 16s. great work!",Competition,pseudolabel,0.9036887884140015
worst thing i get,Other,pseudolabel,0.9035878777503967
does anyone know what the charger called,Other,pseudolabel,0.9035801887512207
agane njanum iphone 17 eduthu amma eduth thannu tnk u amma❤❤❤❤ adipolli phone📈💌,Other,pseudolabel,0.9035800099372864
you know a few shorts earlier i saw the same exact video from a different youtuber. someone stole your videos?,Other,pseudolabel,0.9033913016319275
i love how they literally just go “the sticks are bigger!” and move on 😭,Other,pseudolabel,0.9033797979354858
"we say in russian: «это огонь!» meaning this does fire, really",Other,pseudolabel,0.903262197971344
"da ninekond polum video cam iphone 17 kazhinju ollu enn parayipichitundekil athanu iphone nte power ., podaa ne valiya negative ayrnallo apple ne . ninte oro kpiile android mathram adipoli . 4 updation kazhjal qualty kurayuna phne nu cash vedch ulla promotion",Other,pseudolabel,0.9032183885574341
"the dream of a steam machine for my living room died when the 1tb oled went up to 900+ euros. why should they make the steam machine lower price than this? if its x6 as powerful. it's definitely not worth to pay 1,3k or more for it, atleast thats what i am expecting now. i am happy i have a steam deck and my pc. gaming has become luxury again.crazy times",Price,pseudolabel,0.9031035304069519
too late i already bought it 😂😂,Other,pseudolabel,0.9031025767326355
"lol someones doesn't understand how the world works, typical blacktivity",Other,pseudolabel,0.9030419588088989
don't worry the steam deck is never in stock anyway,Purchase Intent,pseudolabel,0.9029394388198853
bana hi deni chahiye video gaming laptop se compare krte hue😝,Other,pseudolabel,0.9029379487037659
dude i have that the nintendo switch lite!,Other,pseudolabel,0.9029293060302734
noty 7:52 😂,Spam,pseudolabel,0.9028568267822266
"il compare vraiment un jeu à 30 fps vs un jeu à 60 fps avec hdr (et des options graphiques meilleur, distance affichage, etc) ? 😅",Other,pseudolabel,0.9028550982475281
"5:22 $100 more expensive?. buddy. theyre sold out new and refrubished. i had to buy a $1000 oled 1tb on ebay refurbished. one thousand dollars! my audio jack is ran through i think and when i use headphones in the audio jack and i touch my screen, i hear everything i touch. idk how to describe that. theres constant weird nosies and when i touch the screen i heard weird static noises with each touch. the type-c port with an audiojack to type c dongle doesnt do this. idrk what to do and i might return it sadly. i want a steam deck brand new for the rewards that have been taken from my devices serial number. but steam wont restock the steam deck.idrk what to do right now. should i send it back? should i deal with it? im dealing with audio issues where sometimes it requires a restart of the device for my device to remember it has an output device plugged in or even the native speakers on the thing. if anyone reads this, please give me a tip.",Price,pseudolabel,0.9025151133537292
sources: trust me bro,Spam,pseudolabel,0.9025142192840576
"bob-ombs: ""hello i am gonna ruin ur flight""",Spam,pseudolabel,0.9024850726127625
are these people scalping it?,Other,pseudolabel,0.9022856950759888
"it is and has always been worth the price it is now. any other company would have had it priced as such. tell me i’m lying. ai artificial inflation is awful. also the price to use the steam deck makes is worth more. if there isn’t a drastic change in the next year due to.finding a cache of chips in a warehouse, manufacturing developments, or public pressure i will edit my comment. that said i have already bought 3 and made 900 bucks in 1 day. not really feeling bad for anyone that didn’t read the tea leaves.",Price,pseudolabel,0.9022244811058044
"i mean, if you get it for christmas, then it’s free just saying that’s how i got mine",Other,pseudolabel,0.9020617604255676
does it have dying light,Other,pseudolabel,0.9018487930297852
garbage ! switch 2,Spam,pseudolabel,0.9016958475112915
bonjour edouard trop hate de voir le nintendo direct ❤❤❤,Other,pseudolabel,0.9015450477600098
2:05 🌚 brother some too much dark not hogaya,Spam,pseudolabel,0.9015386700630188
keines der spiele hat es überhaupt auf meine wunschliste geschafft. habe nur subnautica 2 gespielt. kurz mal wieder zwischen durch resident evil reqium.,Other,pseudolabel,0.9011344313621521
love your videos. been watching them to help me understand what to buy. super creative. thumbs up.,Other,pseudolabel,0.9009729027748108
switch lokey😊,Spam,pseudolabel,0.9009667634963989
switch 2❤🔥,Spam,pseudolabel,0.9009667634963989
"it's going for 45k now, price has stabilized. i will wait for the lite version though.",Price,pseudolabel,0.9009459018707275
kitne ka hai yeah,Other,pseudolabel,0.9007156491279602
0:11 portal 2 reference,Spam,pseudolabel,0.9006729125976562
brother price,Spam,pseudolabel,0.9003944993019104
"bonjour édouard ✌️ et la commu , idem il sortira le 9 juin sachant que la coupe du monde de foot commence le 10",Other,pseudolabel,0.9003133177757263
